ITER,CANDIDATE,VOTES
1,UTIKERE Tangi,2444
1,FINDLAY Lew,1948
1,BARRETT Brent,1330
1,BOWEN Rachel,1198
1,NAYLOR Karen,1182
1,DENNISON Vaughan,1078
1,HANDCOCK Patrick (Pat),856
1,BATY Susan,853
1,RUTHERFORD Aleisha,745
1,JOHNSON Lorna,656
1,HAPETA Leonie,654
1,PETRENAS Bruno,542
1,ASQUITH Andy,537
1,BUTT Zulfiqar,518
1,O'FEE Marty,513
1,MEEHAN Billy,500
1,DINGWALL Renee,497
1,LOCKWOOD Latham,405
1,MCCANN Duncan,394
1,RAHIM Atif,256
1,KIKHOUNGA-N'GOT P. Hussein,243
1,BYRNES Nick,223
1,BUTLER Mel,219
1,LANE David,204
1,TE PAPA Nola,96
1,DIANU Iulian,75
1,WILSON Nathan,68
2,NAYLOR Karen,1324.338055114
2,BOWEN Rachel,1282.733529534
2,DENNISON Vaughan,1258.76180159
2,BARRETT Brent,1225.814153693
2,FINDLAY Lew,1219.647173766
2,UTIKERE Tangi,1191.860894271
2,BATY Susan,1088.119228372
2,HANDCOCK Patrick (Pat),995.224887838
2,RUTHERFORD Aleisha,907.405302464
2,HAPETA Leonie,802.489880007
2,JOHNSON Lorna,771.725502171
2,PETRENAS Bruno,656.325485511
2,MEEHAN Billy,627.515912654
2,ASQUITH Andy,603.352009887
2,DINGWALL Renee,596.235485117
2,BUTT Zulfiqar,573.090173768
2,O'FEE Marty,547.961459895
2,MCCANN Duncan,472.133921509
2,LOCKWOOD Latham,462.243873253
2,KIKHOUNGA-N'GOT P. Hussein,284.223736954
2,RAHIM Atif,268.615490626
2,BYRNES Nick,248.359400329
2,BUTLER Mel,240.649208512
2,LANE David,227.085974438
2,TE PAPA Nola,117.925665347
2,WILSON Nathan,88.180818851
2,DIANU Iulian,79.815134365
3,NAYLOR Karen,1181.237761564
3,DENNISON Vaughan,1177.34757577
3,BOWEN Rachel,1176.884493396
3,FINDLAY Lew,1165.242624383
3,UTIKERE Tangi,1158.308220287
3,BARRETT Brent,1154.642819362
3,BATY Susan,1147.859946504
3,HANDCOCK Patrick (Pat),1026.858868662
3,RUTHERFORD Aleisha,954.983399665
3,HAPETA Leonie,844.911527989
3,JOHNSON Lorna,801.66838555
3,PETRENAS Bruno,680.468597317
3,MEEHAN Billy,664.138952274
3,DINGWALL Renee,631.101006441
3,ASQUITH Andy,622.793330218
3,BUTT Zulfiqar,588.441734948
3,O'FEE Marty,562.459994712
3,MCCANN Duncan,496.853510256
3,LOCKWOOD Latham,485.729723937
3,KIKHOUNGA-N'GOT P. Hussein,293.613657819
3,RAHIM Atif,271.715080275
3,BYRNES Nick,263.14483873
3,BUTLER Mel,251.748946093
3,LANE David,236.736073425
3,TE PAPA Nola,121.453963362
3,WILSON Nathan,93.701437341
3,DIANU Iulian,81.706383781
4,BATY Susan,1152.068804109
4,NAYLOR Karen,1149.230396632
4,BOWEN Rachel,1147.331980148
4,DENNISON Vaughan,1147.059066684
4,FINDLAY Lew,1143.311022098
4,UTIKERE Tangi,1140.763808539
4,BARRETT Brent,1140.106058491
4,HANDCOCK Patrick (Pat),1037.915005828
4,RUTHERFORD Aleisha,970.629485842
4,HAPETA Leonie,859.982010628
4,JOHNSON Lorna,811.449878979
4,PETRENAS Bruno,688.915259544
4,MEEHAN Billy,676.670875984
4,DINGWALL Renee,640.570010324
4,ASQUITH Andy,628.955620812
4,BUTT Zulfiqar,593.345230261
4,O'FEE Marty,567.090641445
4,MCCANN Duncan,505.025537695
4,LOCKWOOD Latham,493.277148003
4,KIKHOUNGA-N'GOT P. Hussein,296.633351455
4,RAHIM Atif,272.7223391
4,BYRNES Nick,268.382370191
4,BUTLER Mel,255.571662483
4,LANE David,239.847936385
4,TE PAPA Nola,122.631794826
4,WILSON Nathan,95.522577109
4,DIANU Iulian,82.366837696
5,BOWEN Rachel,1139.363484176
5,NAYLOR Karen,1139.007385555
5,BATY Susan,1138.983942457
5,DENNISON Vaughan,1138.69533464
5,FINDLAY Lew,1137.020228865
5,UTIKERE Tangi,1135.825887699
5,BARRETT Brent,1135.59071835
5,HANDCOCK Patrick (Pat),1042.335617227
5,RUTHERFORD Aleisha,976.439601777
5,HAPETA Leonie,866.467716631
5,JOHNSON Lorna,815.208836407
5,PETRENAS Bruno,692.334115106
5,MEEHAN Billy,681.229876802
5,DINGWALL Renee,643.939510611
5,ASQUITH Andy,631.37559469
5,BUTT Zulfiqar,595.304031008
5,O'FEE Marty,568.834749197
5,MCCANN Duncan,508.117834811
5,LOCKWOOD Latham,496.16247751
5,KIKHOUNGA-N'GOT P. Hussein,297.751990742
5,RAHIM Atif,273.08310675
5,BYRNES Nick,270.800253502
5,BUTLER Mel,257.380383534
5,LANE David,241.007619654
5,TE PAPA Nola,123.036270313
5,WILSON Nathan,96.16522101
5,DIANU Iulian,82.648386018
6,BATY Susan,1135.237578374
6,NAYLOR Karen,1135.20278862
6,BOWEN Rachel,1135.119424972
6,DENNISON Vaughan,1134.97145102
6,FINDLAY Lew,1134.318870618
6,UTIKERE Tangi,1133.89288194
6,BARRETT Brent,1133.806949691
6,HANDCOCK Patrick (Pat),1044.068166917
6,RUTHERFORD Aleisha,978.795541524
6,HAPETA Leonie,868.969176585
6,JOHNSON Lorna,816.702408612
6,PETRENAS Bruno,693.658446272
6,MEEHAN Billy,683.05713643
6,DINGWALL Renee,645.286845539
6,ASQUITH Andy,632.321080336
6,BUTT Zulfiqar,596.079228186
6,O'FEE Marty,569.533808305
6,MCCANN Duncan,509.357302531
6,LOCKWOOD Latham,497.327841411
6,KIKHOUNGA-N'GOT P. Hussein,298.197426921
6,RAHIM Atif,273.228767949
6,BYRNES Nick,271.745976018
6,BUTLER Mel,258.084827048
6,LANE David,241.477476232
6,TE PAPA Nola,123.200177507
6,WILSON Nathan,96.422884531
6,DIANU Iulian,82.758163904
7,BATY Susan,1133.637420208
7,BOWEN Rachel,1133.62150995
7,NAYLOR Karen,1133.619950085
7,DENNISON Vaughan,1133.547873701
7,FINDLAY Lew,1133.294914419
7,UTIKERE Tangi,1133.120231886
7,BARRETT Brent,1133.084936902
7,HANDCOCK Patrick (Pat),1044.750745781
7,RUTHERFORD Aleisha,979.714856021
7,HAPETA Leonie,869.96046808
7,JOHNSON Lorna,817.288677477
7,PETRENAS Bruno,694.182441608
7,MEEHAN Billy,683.773412307
7,DINGWALL Renee,645.818100328
7,ASQUITH Andy,632.694505912
7,BUTT Zulfiqar,596.383658457
7,O'FEE Marty,569.80756608
7,MCCANN Duncan,509.843022851
7,LOCKWOOD Latham,497.782301008
7,KIKHOUNGA-N'GOT P. Hussein,298.372361626
7,RAHIM Atif,273.285650861
7,BYRNES Nick,272.117385405
7,BUTLER Mel,258.361885947
7,LANE David,241.660802703
7,TE PAPA Nola,123.264199032
7,WILSON Nathan,96.524151129
7,DIANU Iulian,82.801690836
8,DENNISON Vaughan,1138.788040209
8,BATY Susan,1136.707074725
8,FINDLAY Lew,1136.446711933
8,BOWEN Rachel,1136.315894688
8,BARRETT Brent,1135.9157252320001
8,NAYLOR Karen,1135.891890265
8,UTIKERE Tangi,1134.38742895
8,HANDCOCK Patrick (Pat),1050.96132902
8,RUTHERFORD Aleisha,982.951159157
8,HAPETA Leonie,873.477655084
8,JOHNSON Lorna,819.750344369
8,PETRENAS Bruno,697.001580491
8,MEEHAN Billy,687.054304777
8,DINGWALL Renee,647.439098649
8,ASQUITH Andy,634.84093957
8,BUTT Zulfiqar,598.266510955
8,O'FEE Marty,572.540347189
8,MCCANN Duncan,514.026973508
8,LOCKWOOD Latham,500.12435345
8,KIKHOUNGA-N'GOT P. Hussein,300.440920818
8,BYRNES Nick,279.281057596
8,RAHIM Atif,273.536949563
8,BUTLER Mel,261.695585263
8,LANE David,242.21099384
8,TE PAPA Nola,126.178647003
8,WILSON Nathan,97.134019646
8,DIANU Iulian,0
9,BATY Susan,1134.236330296
9,NAYLOR Karen,1134.227866072
9,BOWEN Rachel,1134.129476715
9,DENNISON Vaughan,1133.769771076
9,FINDLAY Lew,1133.374778114
9,UTIKERE Tangi,1133.074122946
9,BARRETT Brent,1132.895055447
9,HANDCOCK Patrick (Pat),1052.452526887
9,RUTHERFORD Aleisha,984.835331739
9,HAPETA Leonie,875.543982216
9,JOHNSON Lorna,821.087509473
9,PETRENAS Bruno,698.140049386
9,MEEHAN Billy,688.684769896
9,DINGWALL Renee,648.917215856
9,ASQUITH Andy,635.674027034
9,BUTT Zulfiqar,598.973058145
9,O'FEE Marty,573.104278602
9,MCCANN Duncan,515.066773171
9,LOCKWOOD Latham,501.047168243
9,KIKHOUNGA-N'GOT P. Hussein,300.819927631
9,BYRNES Nick,280.045524884
9,RAHIM Atif,273.668348354
9,BUTLER Mel,262.242924782
9,LANE David,242.609279363
9,TE PAPA Nola,126.332725138
9,WILSON Nathan,97.35962172
9,DIANU Iulian,0
10,UTIKERE Tangi,1139.043768348
10,BATY Susan,1138.025424045
10,NAYLOR Karen,1138.012652043
10,FINDLAY Lew,1136.903812314
10,DENNISON Vaughan,1136.002911749
10,BARRETT Brent,1135.880982032
10,BOWEN Rachel,1135.434509891
10,HANDCOCK Patrick (Pat),1058.143057577
10,RUTHERFORD Aleisha,991.372579838
10,HAPETA Leonie,879.336238334
10,JOHNSON Lorna,828.499110291
10,PETRENAS Bruno,703.027270782
10,MEEHAN Billy,692.675604456
10,DINGWALL Renee,650.483209182
10,ASQUITH Andy,637.590148061
10,BUTT Zulfiqar,599.994320742
10,O'FEE Marty,575.879881455
10,MCCANN Duncan,516.844103643
10,LOCKWOOD Latham,503.977388867
10,KIKHOUNGA-N'GOT P. Hussein,303.198708589
10,BYRNES Nick,281.590856784
10,RAHIM Atif,274.769308629
10,BUTLER Mel,263.282879808
10,LANE David,247.274715396
10,TE PAPA Nola,130.995978865
10,DIANU Iulian,0
10,WILSON Nathan,0
11,NAYLOR Karen,1140.381081028
11,BOWEN Rachel,1140.286214009
11,FINDLAY Lew,1138.523105151
11,DENNISON Vaughan,1137.481696417
11,UTIKERE Tangi,1137.443660301
11,BARRETT Brent,1136.582670289
11,BATY Susan,1136.300310068
11,HANDCOCK Patrick (Pat),1065.40482995
11,RUTHERFORD Aleisha,1000.666727773
11,HAPETA Leonie,893.664181488
11,JOHNSON Lorna,836.331857086
11,PETRENAS Bruno,707.202575056
11,MEEHAN Billy,702.219611053
11,DINGWALL Renee,659.741335199
11,ASQUITH Andy,641.253644913
11,BUTT Zulfiqar,604.635357177
11,O'FEE Marty,582.900449437
11,MCCANN Duncan,520.510300564
11,LOCKWOOD Latham,506.652743885
11,KIKHOUNGA-N'GOT P. Hussein,311.41637179
11,BYRNES Nick,282.586910884
11,RAHIM Atif,282.288857726
11,BUTLER Mel,269.8534525
11,LANE David,250.177782875
11,DIANU Iulian,0
11,TE PAPA Nola,0
11,WILSON Nathan,0
12,BATY Susan,1134.511044951
12,NAYLOR Karen,1133.884443803
12,DENNISON Vaughan,1133.740031579
12,BOWEN Rachel,1133.681052814
12,FINDLAY Lew,1132.535179232
12,UTIKERE Tangi,1132.00045283
12,BARRETT Brent,1131.882009215
12,HANDCOCK Patrick (Pat),1068.218487484
12,RUTHERFORD Aleisha,1004.540099913
12,HAPETA Leonie,897.466035522
12,JOHNSON Lorna,838.84461775
12,PETRENAS Bruno,709.344344424
12,MEEHAN Billy,705.084510614
12,DINGWALL Renee,662.337825293
12,ASQUITH Andy,642.804469983
12,BUTT Zulfiqar,605.948002027
12,O'FEE Marty,584.001645814
12,MCCANN Duncan,522.495271349
12,LOCKWOOD Latham,508.466190258
12,KIKHOUNGA-N'GOT P. Hussein,312.200202952
12,BYRNES Nick,283.914974207
12,RAHIM Atif,282.552393391
12,BUTLER Mel,270.943741001
12,LANE David,250.944981206
12,DIANU Iulian,0
12,TE PAPA Nola,0
12,WILSON Nathan,0
13,BOWEN Rachel,1131.622489173
13,NAYLOR Karen,1131.580852152
13,BATY Susan,1131.565355221
13,DENNISON Vaughan,1131.471301968
13,FINDLAY Lew,1131.108709213
13,UTIKERE Tangi,1130.822581063
13,BARRETT Brent,1130.770192808
13,HANDCOCK Patrick (Pat),1069.312308382
13,RUTHERFORD Aleisha,1005.979496546
13,HAPETA Leonie,899.040798463
13,JOHNSON Lorna,839.770314116
13,PETRENAS Bruno,710.174036908
13,MEEHAN Billy,706.197679426
13,DINGWALL Renee,663.166425452
13,ASQUITH Andy,643.382146837
13,BUTT Zulfiqar,606.431569292
13,O'FEE Marty,584.43203522
13,MCCANN Duncan,523.255449176
13,LOCKWOOD Latham,509.168338151
13,KIKHOUNGA-N'GOT P. Hussein,312.47300776
13,BYRNES Nick,284.505529479
13,RAHIM Atif,282.64550298
13,BUTLER Mel,271.404485863
13,LANE David,251.238944839
13,DIANU Iulian,0
13,TE PAPA Nola,0
13,WILSON Nathan,0
14,NAYLOR Karen,1151.202819968
14,BATY Susan,1150.217475514
14,BOWEN Rachel,1148.613731465
14,DENNISON Vaughan,1146.256391804
14,BARRETT Brent,1140.678438501
14,FINDLAY Lew,1138.260130625
14,UTIKERE Tangi,1137.908750469
14,HANDCOCK Patrick (Pat),1087.16426966
14,RUTHERFORD Aleisha,1019.775423071
14,HAPETA Leonie,911.73486333
14,JOHNSON Lorna,847.361645561
14,PETRENAS Bruno,723.840737035
14,MEEHAN Billy,714.654974447
14,DINGWALL Renee,667.192459598
14,ASQUITH Andy,650.419325513
14,BUTT Zulfiqar,612.368843811
14,O'FEE Marty,596.76003145
14,MCCANN Duncan,534.448184843
14,LOCKWOOD Latham,524.865829925
14,KIKHOUNGA-N'GOT P. Hussein,316.670824667
14,BYRNES Nick,290.046882793
14,RAHIM Atif,285.077358754
14,BUTLER Mel,274.187958846
14,DIANU Iulian,0
14,LANE David,0
14,TE PAPA Nola,0
14,WILSON Nathan,0
15,BOWEN Rachel,1136.827412695
15,BATY Susan,1136.540135654
15,NAYLOR Karen,1136.351808629
15,DENNISON Vaughan,1136.10535719
15,FINDLAY Lew,1134.281369637
15,UTIKERE Tangi,1132.793028001
15,BARRETT Brent,1132.501223441
15,HANDCOCK Patrick (Pat),1092.615879166
15,RUTHERFORD Aleisha,1027.353824646
15,HAPETA Leonie,919.630239509
15,JOHNSON Lorna,852.145558778
15,PETRENAS Bruno,727.985138634
15,MEEHAN Billy,720.179766469
15,DINGWALL Renee,671.98532987
15,ASQUITH Andy,653.439958435
15,BUTT Zulfiqar,614.967318823
15,O'FEE Marty,599.067451119
15,MCCANN Duncan,538.385100441
15,LOCKWOOD Latham,528.731063429
15,KIKHOUNGA-N'GOT P. Hussein,318.118594575
15,BYRNES Nick,293.117868003
15,RAHIM Atif,285.568674766
15,BUTLER Mel,276.653419356
15,DIANU Iulian,0
15,LANE David,0
15,TE PAPA Nola,0
15,WILSON Nathan,0
16,NAYLOR Karen,1131.967178558
16,BATY Susan,1131.939325538
16,BOWEN Rachel,1131.826712221
16,DENNISON Vaughan,1131.684935051
16,FINDLAY Lew,1130.912073653
16,UTIKERE Tangi,1130.420256594
16,BARRETT Brent,1130.338763516
16,HANDCOCK Patrick (Pat),1094.833140689
16,RUTHERFORD Aleisha,1030.295741179
16,HAPETA Leonie,922.733880708
16,JOHNSON Lorna,853.994548798
16,PETRENAS Bruno,729.64570817
16,MEEHAN Billy,722.43666452
16,DINGWALL Renee,673.625057764
16,ASQUITH Andy,654.607705959
16,BUTT Zulfiqar,615.941760098
16,O'FEE Marty,599.958458694
16,MCCANN Duncan,539.927689522
16,LOCKWOOD Latham,530.225241268
16,KIKHOUNGA-N'GOT P. Hussein,318.685807231
16,BYRNES Nick,294.303474433
16,RAHIM Atif,285.765024726
16,BUTLER Mel,277.592424833
16,DIANU Iulian,0
16,LANE David,0
16,TE PAPA Nola,0
16,WILSON Nathan,0
17,BATY Susan,1130.07697238
17,NAYLOR Karen,1130.073322744
17,BOWEN Rachel,1130.061231754
17,DENNISON Vaughan,1129.988477608
17,FINDLAY Lew,1129.696908762
17,UTIKERE Tangi,1129.494978763
17,BARRETT Brent,1129.461199076
17,HANDCOCK Patrick (Pat),1095.694055307
17,RUTHERFORD Aleisha,1031.435823299
17,HAPETA Leonie,923.947486535
17,JOHNSON Lorna,854.712252861
17,PETRENAS Bruno,730.293281247
17,MEEHAN Billy,723.312358193
17,DINGWALL Renee,674.267562264
17,ASQUITH Andy,655.063309254
17,BUTT Zulfiqar,616.319814588
17,O'FEE Marty,600.305586178
17,MCCANN Duncan,540.527148312
17,LOCKWOOD Latham,530.804161648
17,KIKHOUNGA-N'GOT P. Hussein,318.906052402
17,BYRNES Nick,294.762967722
17,RAHIM Atif,285.840899076
17,BUTLER Mel,277.956810681
17,DIANU Iulian,0
17,LANE David,0
17,TE PAPA Nola,0
17,WILSON Nathan,0
18,BOWEN Rachel,1153.802777175
18,BATY Susan,1153.490354419
18,NAYLOR Karen,1145.277035986
18,BARRETT Brent,1139.546940989
18,DENNISON Vaughan,1136.099716726
18,FINDLAY Lew,1135.184696355
18,UTIKERE Tangi,1134.073265907
18,HANDCOCK Patrick (Pat),1113.383047956
18,RUTHERFORD Aleisha,1042.384188543
18,HAPETA Leonie,929.144283589
18,JOHNSON Lorna,867.008899917
18,PETRENAS Bruno,735.30438927
18,MEEHAN Billy,731.533885065
18,DINGWALL Renee,694.593553273
18,ASQUITH Andy,673.459828786
18,BUTT Zulfiqar,631.239461652
18,O'FEE Marty,603.533684509
18,MCCANN Duncan,545.119995692
18,LOCKWOOD Latham,543.855979552
18,KIKHOUNGA-N'GOT P. Hussein,328.883973394
18,BYRNES Nick,313.327322114
18,RAHIM Atif,287.805946715
18,BUTLER Mel,0
18,DIANU Iulian,0
18,LANE David,0
18,TE PAPA Nola,0
18,WILSON Nathan,0
19,DENNISON Vaughan,1134.798666353
19,BOWEN Rachel,1134.360003269
19,NAYLOR Karen,1134.354790201
19,BATY Susan,1134.082048455
19,FINDLAY Lew,1132.005707201
19,UTIKERE Tangi,1130.82538339
19,BARRETT Brent,1130.676037023
19,HANDCOCK Patrick (Pat),1118.941821973
19,RUTHERFORD Aleisha,1050.086084405
19,HAPETA Leonie,936.951952214
19,JOHNSON Lorna,871.910888632
19,PETRENAS Bruno,739.226801774
19,MEEHAN Billy,736.299384912
19,DINGWALL Renee,699.914697469
19,ASQUITH Andy,676.500001345
19,BUTT Zulfiqar,634.220658451
19,O'FEE Marty,605.80712319
19,MCCANN Duncan,549.048375753
19,LOCKWOOD Latham,547.880825186
19,KIKHOUNGA-N'GOT P. Hussein,330.354339444
19,BYRNES Nick,317.086858711
19,RAHIM Atif,288.336151886
19,BUTLER Mel,0
19,DIANU Iulian,0
19,LANE David,0
19,TE PAPA Nola,0
19,WILSON Nathan,0
20,BATY Susan,1129.942559645
20,NAYLOR Karen,1129.913577261
20,BOWEN Rachel,1129.795716713
20,DENNISON Vaughan,1129.643475891
20,FINDLAY Lew,1128.95955533
20,UTIKERE Tangi,1128.413303712
20,BARRETT Brent,1128.333630994
20,HANDCOCK Patrick (Pat),1121.262917331
20,RUTHERFORD Aleisha,1053.041761943
20,HAPETA Leonie,940.09126526
20,JOHNSON Lorna,873.799442666
20,PETRENAS Bruno,740.883080155
20,MEEHAN Billy,738.609070001
20,DINGWALL Renee,701.693912255
20,ASQUITH Andy,677.687558482
20,BUTT Zulfiqar,635.260695802
20,O'FEE Marty,606.710785829
20,MCCANN Duncan,550.635051582
20,LOCKWOOD Latham,549.390237693
20,KIKHOUNGA-N'GOT P. Hussein,330.936156473
20,BYRNES Nick,318.379004496
20,RAHIM Atif,288.553429834
20,BUTLER Mel,0
20,DIANU Iulian,0
20,LANE David,0
20,TE PAPA Nola,0
20,WILSON Nathan,0
21,NAYLOR Karen,1137.991315703
21,FINDLAY Lew,1134.639406343
21,BARRETT Brent,1134.19480725
21,DENNISON Vaughan,1133.106153332
21,BATY Susan,1131.807202441
21,UTIKERE Tangi,1130.034159864
21,BOWEN Rachel,1128.855833857
21,HANDCOCK Patrick (Pat),1127.499994893
21,RUTHERFORD Aleisha,1063.618516499
21,HAPETA Leonie,943.076697446
21,JOHNSON Lorna,898.926417749
21,PETRENAS Bruno,746.939987239
21,MEEHAN Billy,745.245655351
21,DINGWALL Renee,708.71291491
21,BUTT Zulfiqar,701.34469347899994
21,ASQUITH Andy,684.467212921
21,O'FEE Marty,607.385492121
21,MCCANN Duncan,552.454613946
21,LOCKWOOD Latham,550.675302136
21,KIKHOUNGA-N'GOT P. Hussein,342.399333873
21,BYRNES Nick,324.90582246
21,BUTLER Mel,0
21,DIANU Iulian,0
21,LANE David,0
21,RAHIM Atif,0
21,TE PAPA Nola,0
21,WILSON Nathan,0
22,BATY Susan,1127.119825253
22,BOWEN Rachel,1126.717820499
22,DENNISON Vaughan,1126.181268404
22,NAYLOR Karen,1125.986764267
22,HANDCOCK Patrick (Pat),1125.42104813
22,FINDLAY Lew,1124.488183773
22,UTIKERE Tangi,1123.505541559
22,BARRETT Brent,1122.920427478
22,RUTHERFORD Aleisha,1070.002615739
22,HAPETA Leonie,950.379513836
22,JOHNSON Lorna,903.372337793
22,PETRENAS Bruno,751.088921281
22,MEEHAN Billy,750.450857186
22,DINGWALL Renee,713.915394784
22,BUTT Zulfiqar,703.958776406
22,ASQUITH Andy,687.498461622
22,O'FEE Marty,609.662123198
22,MCCANN Duncan,556.087877102
22,LOCKWOOD Latham,553.902542533
22,KIKHOUNGA-N'GOT P. Hussein,343.878570758
22,BYRNES Nick,327.402399395
22,BUTLER Mel,0
22,DIANU Iulian,0
22,LANE David,0
22,RAHIM Atif,0
22,TE PAPA Nola,0
22,WILSON Nathan,0
23,NAYLOR Karen,1122.886438934
23,BATY Susan,1122.824195968
23,BOWEN Rachel,1122.758540868
23,DENNISON Vaughan,1122.75145384
23,HANDCOCK Patrick (Pat),1122.237783894
23,FINDLAY Lew,1122.068921044
23,UTIKERE Tangi,1121.546399692
23,BARRETT Brent,1121.422726532
23,RUTHERFORD Aleisha,1072.868068175
23,HAPETA Leonie,953.760897432
23,JOHNSON Lorna,905.146482992
23,PETRENAS Bruno,752.875595249
23,MEEHAN Billy,752.647018647
23,DINGWALL Renee,715.427994428
23,BUTT Zulfiqar,705.022020147
23,ASQUITH Andy,688.701022519
23,O'FEE Marty,610.787872513
23,MCCANN Duncan,557.721043743
23,LOCKWOOD Latham,555.428533674
23,KIKHOUNGA-N'GOT P. Hussein,344.462666041
23,BYRNES Nick,328.701853089
23,BUTLER Mel,0
23,DIANU Iulian,0
23,LANE David,0
23,RAHIM Atif,0
23,TE PAPA Nola,0
23,WILSON Nathan,0
24,BATY Susan,1121.265019077
24,NAYLOR Karen,1121.245130695
24,BOWEN Rachel,1121.216360085
24,DENNISON Vaughan,1121.199619851
24,HANDCOCK Patrick (Pat),1120.997093931
24,FINDLAY Lew,1120.912073633
24,UTIKERE Tangi,1120.689571605
24,BARRETT Brent,1120.627638239
24,RUTHERFORD Aleisha,1074.107507534
24,HAPETA Leonie,955.213501105
24,JOHNSON Lorna,905.918484148
24,PETRENAS Bruno,753.648937679
24,MEEHAN Billy,753.611754947
24,DINGWALL Renee,716.112269839
24,BUTT Zulfiqar,705.480482239
24,ASQUITH Andy,689.22764437
24,O'FEE Marty,611.270190914
24,MCCANN Duncan,558.427878667
24,LOCKWOOD Latham,556.08519396
24,KIKHOUNGA-N'GOT P. Hussein,344.718693093
24,BYRNES Nick,329.247455938
24,BUTLER Mel,0
24,DIANU Iulian,0
24,LANE David,0
24,RAHIM Atif,0
24,TE PAPA Nola,0
24,WILSON Nathan,0
25,HANDCOCK Patrick (Pat),1153.239287804
25,DENNISON Vaughan,1152.433463831
25,BATY Susan,1142.964106977
25,NAYLOR Karen,1136.685840234
25,FINDLAY Lew,1136.039668554
25,BOWEN Rachel,1134.603458335
25,BARRETT Brent,1129.305984495
25,UTIKERE Tangi,1125.988067185
25,RUTHERFORD Aleisha,1087.956829155
25,HAPETA Leonie,971.373036752
25,JOHNSON Lorna,914.935267301
25,MEEHAN Billy,770.458739437
25,PETRENAS Bruno,761.822491763
25,DINGWALL Renee,733.22513251
25,BUTT Zulfiqar,712.98048079
25,ASQUITH Andy,702.269555873
25,O'FEE Marty,627.843204347
25,LOCKWOOD Latham,574.483944425
25,MCCANN Duncan,569.863122441
25,KIKHOUNGA-N'GOT P. Hussein,354.950987419
25,BUTLER Mel,0
25,BYRNES Nick,0
25,DIANU Iulian,0
25,LANE David,0
25,RAHIM Atif,0
25,TE PAPA Nola,0
25,WILSON Nathan,0
26,NAYLOR Karen,1147.377833502
26,BATY Susan,1147.072403561
26,BARRETT Brent,1145.331341515
26,BOWEN Rachel,1145.19813684
26,HANDCOCK Patrick (Pat),1144.086704991
26,DENNISON Vaughan,1140.481436659
26,UTIKERE Tangi,1133.823847318
26,FINDLAY Lew,1132.990236622
26,RUTHERFORD Aleisha,1123.590316784
26,HAPETA Leonie,1000.808459138
26,JOHNSON Lorna,935.809934793
26,MEEHAN Billy,791.271445892
26,PETRENAS Bruno,782.291111034
26,DINGWALL Renee,775.260481029
26,BUTT Zulfiqar,756.128713473
26,ASQUITH Andy,729.221216509
26,O'FEE Marty,642.255049776
26,LOCKWOOD Latham,597.323876099
26,MCCANN Duncan,585.398033851
26,BUTLER Mel,0
26,BYRNES Nick,0
26,DIANU Iulian,0
26,KIKHOUNGA-N'GOT P. Hussein,0
26,LANE David,0
26,RAHIM Atif,0
26,TE PAPA Nola,0
26,WILSON Nathan,0
27,RUTHERFORD Aleisha,1131.566685725
27,BATY Susan,1130.024234256
27,BOWEN Rachel,1129.985147811
27,DENNISON Vaughan,1129.665690635
27,NAYLOR Karen,1128.771075148
27,HANDCOCK Patrick (Pat),1126.439817695
27,FINDLAY Lew,1125.730939487
27,UTIKERE Tangi,1123.077347812
27,BARRETT Brent,1121.897494556
27,HAPETA Leonie,1019.011657998
27,JOHNSON Lorna,946.59576371
27,MEEHAN Billy,802.779951683
27,PETRENAS Bruno,792.134188796
27,DINGWALL Renee,787.753164546
27,BUTT Zulfiqar,763.219634944
27,ASQUITH Andy,736.261885991
27,O'FEE Marty,648.720520721
27,LOCKWOOD Latham,606.345246464
27,MCCANN Duncan,594.593527634
27,BUTLER Mel,0
27,BYRNES Nick,0
27,DIANU Iulian,0
27,KIKHOUNGA-N'GOT P. Hussein,0
27,LANE David,0
27,RAHIM Atif,0
27,TE PAPA Nola,0
27,WILSON Nathan,0
28,BOWEN Rachel,1122.648223521
28,NAYLOR Karen,1122.535803842
28,RUTHERFORD Aleisha,1122.290239516
28,BATY Susan,1122.1267983
28,DENNISON Vaughan,1122.004295285
28,HANDCOCK Patrick (Pat),1120.987626824
28,FINDLAY Lew,1120.192923317
28,UTIKERE Tangi,1119.253135517
28,BARRETT Brent,1118.716635234
28,HAPETA Leonie,1028.266460653
28,JOHNSON Lorna,952.036920409
28,MEEHAN Billy,809.073366512
28,PETRENAS Bruno,797.399683155
28,DINGWALL Renee,792.265255743
28,BUTT Zulfiqar,766.477461211
28,ASQUITH Andy,739.63110551
28,O'FEE Marty,652.041917474
28,LOCKWOOD Latham,611.305085036
28,MCCANN Duncan,599.536221054
28,BUTLER Mel,0
28,BYRNES Nick,0
28,DIANU Iulian,0
28,KIKHOUNGA-N'GOT P. Hussein,0
28,LANE David,0
28,RAHIM Atif,0
28,TE PAPA Nola,0
28,WILSON Nathan,0
29,BOWEN Rachel,1118.631330543
29,RUTHERFORD Aleisha,1118.615287992
29,NAYLOR Karen,1118.547701433
29,BATY Susan,1118.483920328
29,DENNISON Vaughan,1118.394251088
29,HANDCOCK Patrick (Pat),1117.821669134
29,FINDLAY Lew,1117.441568688
29,UTIKERE Tangi,1116.921724407
29,BARRETT Brent,1116.661863651
29,HAPETA Leonie,1033.068394671
29,JOHNSON Lorna,954.839299996
29,MEEHAN Billy,812.307233575
29,PETRENAS Bruno,800.106333269
29,DINGWALL Renee,794.672768721
29,BUTT Zulfiqar,768.172599787
29,ASQUITH Andy,741.384212288
29,O'FEE Marty,653.76836273
29,LOCKWOOD Latham,613.855960856
29,MCCANN Duncan,602.086109053
29,BUTLER Mel,0
29,BYRNES Nick,0
29,DIANU Iulian,0
29,KIKHOUNGA-N'GOT P. Hussein,0
29,LANE David,0
29,RAHIM Atif,0
29,TE PAPA Nola,0
29,WILSON Nathan,0
30,BOWEN Rachel,1116.638225093
30,RUTHERFORD Aleisha,1116.607973597
30,NAYLOR Karen,1116.593423471
30,BATY Susan,1116.546135941
30,DENNISON Vaughan,1116.50617829
30,HANDCOCK Patrick (Pat),1116.22125831
30,FINDLAY Lew,1116.023540606
30,UTIKERE Tangi,1115.761095613
30,BARRETT Brent,1115.626091799
30,HAPETA Leonie,1035.533393027
30,JOHNSON Lorna,956.27828352
30,MEEHAN Billy,813.96657616
30,PETRENAS Bruno,801.496599359
30,DINGWALL Renee,795.903486241
30,BUTT Zulfiqar,769.041510205
30,ASQUITH Andy,742.281739031
30,O'FEE Marty,654.652032428
30,LOCKWOOD Latham,615.164779174
30,MCCANN Duncan,603.395445357
30,BUTLER Mel,0
30,BYRNES Nick,0
30,DIANU Iulian,0
30,KIKHOUNGA-N'GOT P. Hussein,0
30,LANE David,0
30,RAHIM Atif,0
30,TE PAPA Nola,0
30,WILSON Nathan,0
31,BOWEN Rachel,1115.608720735
31,RUTHERFORD Aleisha,1115.596827417
31,NAYLOR Karen,1115.586959853
31,BATY Susan,1115.564611306
31,DENNISON Vaughan,1115.543808761
31,HANDCOCK Patrick (Pat),1115.398095198
31,FINDLAY Lew,1115.296914337
31,UTIKERE Tangi,1115.162640458
31,BARRETT Brent,1115.094163073
31,HAPETA Leonie,1036.794919449
31,JOHNSON Lorna,957.014061245
31,MEEHAN Billy,814.815203352
31,PETRENAS Bruno,802.207422167
31,DINGWALL Renee,796.533138854
31,BUTT Zulfiqar,769.485976087
31,ASQUITH Andy,742.740725118
31,O'FEE Marty,655.104121035
31,LOCKWOOD Latham,615.834350352
31,MCCANN Duncan,604.06543034
31,BUTLER Mel,0
31,BYRNES Nick,0
31,DIANU Iulian,0
31,KIKHOUNGA-N'GOT P. Hussein,0
31,LANE David,0
31,RAHIM Atif,0
31,TE PAPA Nola,0
31,WILSON Nathan,0
32,RUTHERFORD Aleisha,1168.33942092
32,DENNISON Vaughan,1157.591817452
32,NAYLOR Karen,1152.356457368
32,BOWEN Rachel,1151.331945437
32,BATY Susan,1150.379885598
32,UTIKERE Tangi,1141.003413132
32,HANDCOCK Patrick (Pat),1137.84561771
32,FINDLAY Lew,1137.357908312
32,BARRETT Brent,1137.336472545
32,HAPETA Leonie,1096.506242747
32,JOHNSON Lorna,989.412447081
32,PETRENAS Bruno,852.850281443
32,MEEHAN Billy,842.348813321
32,DINGWALL Renee,811.855461323
32,BUTT Zulfiqar,778.818810267
32,ASQUITH Andy,753.638566629
32,O'FEE Marty,685.612483476
32,LOCKWOOD Latham,648.296628243
32,BUTLER Mel,0
32,BYRNES Nick,0
32,DIANU Iulian,0
32,KIKHOUNGA-N'GOT P. Hussein,0
32,LANE David,0
32,MCCANN Duncan,0
32,RAHIM Atif,0
32,TE PAPA Nola,0
32,WILSON Nathan,0
33,BOWEN Rachel,1134.584078135
33,NAYLOR Karen,1133.142858303
33,BATY Susan,1133.01165035
33,RUTHERFORD Aleisha,1132.823363422
33,DENNISON Vaughan,1131.729833574
33,HANDCOCK Patrick (Pat),1129.32217477
33,FINDLAY Lew,1127.138105463
33,HAPETA Leonie,1125.6090724
33,UTIKERE Tangi,1124.030856029
33,BARRETT Brent,1122.68085827
33,JOHNSON Lorna,1007.298845815
33,PETRENAS Bruno,869.922924867
33,MEEHAN Billy,862.449782886
33,DINGWALL Renee,827.470412095
33,BUTT Zulfiqar,789.165877841
33,ASQUITH Andy,763.948459266
33,O'FEE Marty,696.090551538
33,LOCKWOOD Latham,664.105196799
33,BUTLER Mel,0
33,BYRNES Nick,0
33,DIANU Iulian,0
33,KIKHOUNGA-N'GOT P. Hussein,0
33,LANE David,0
33,MCCANN Duncan,0
33,RAHIM Atif,0
33,TE PAPA Nola,0
33,WILSON Nathan,0
34,HAPETA Leonie,1126.770432464
34,BATY Susan,1123.178280764
34,RUTHERFORD Aleisha,1123.130126861
34,NAYLOR Karen,1123.055985491
34,BOWEN Rachel,1122.751259875
34,DENNISON Vaughan,1122.581204017
34,HANDCOCK Patrick (Pat),1121.050175817
34,FINDLAY Lew,1119.490744979
34,UTIKERE Tangi,1117.616049774
34,BARRETT Brent,1116.700624408
34,JOHNSON Lorna,1017.228786428
34,PETRENAS Bruno,880.205235531
34,MEEHAN Billy,873.909122443
34,DINGWALL Renee,835.374376233
34,BUTT Zulfiqar,794.797805114
34,ASQUITH Andy,769.811157257
34,O'FEE Marty,702.817815487
34,LOCKWOOD Latham,673.291336246
34,BUTLER Mel,0
34,BYRNES Nick,0
34,DIANU Iulian,0
34,KIKHOUNGA-N'GOT P. Hussein,0
34,LANE David,0
34,MCCANN Duncan,0
34,RAHIM Atif,0
34,TE PAPA Nola,0
34,WILSON Nathan,0
35,HAPETA Leonie,1119.307826564
35,BATY Susan,1117.97135653
35,NAYLOR Karen,1117.86029686
35,RUTHERFORD Aleisha,1117.638184273
35,BOWEN Rachel,1117.485860295
35,DENNISON Vaughan,1117.378259453
35,HANDCOCK Patrick (Pat),1116.69578854
35,FINDLAY Lew,1115.632704319
35,UTIKERE Tangi,1114.384940396
35,BARRETT Brent,1113.712946494
35,JOHNSON Lorna,1023.350265241
35,PETRENAS Bruno,886.839275961
35,MEEHAN Billy,881.066749701
35,DINGWALL Renee,839.940442503
35,BUTT Zulfiqar,798.123968323
35,ASQUITH Andy,773.35756683
35,O'FEE Marty,707.256074288
35,LOCKWOOD Latham,679.042214125
35,BUTLER Mel,0
35,BYRNES Nick,0
35,DIANU Iulian,0
35,KIKHOUNGA-N'GOT P. Hussein,0
35,LANE David,0
35,MCCANN Duncan,0
35,RAHIM Atif,0
35,TE PAPA Nola,0
35,WILSON Nathan,0
36,HAPETA Leonie,1115.445423423
36,BATY Susan,1114.507301651
36,NAYLOR Karen,1114.439105567
36,RUTHERFORD Aleisha,1114.34589695
36,BOWEN Rachel,1114.249402563
36,DENNISON Vaughan,1114.195825882
36,HANDCOCK Patrick (Pat),1113.754835472
36,FINDLAY Lew,1113.11009658
36,UTIKERE Tangi,1112.347409302
36,BARRETT Brent,1111.948831992
36,JOHNSON Lorna,1027.115445359
36,PETRENAS Bruno,890.922411592
36,MEEHAN Billy,885.480242081
36,DINGWALL Renee,842.734872763
36,BUTT Zulfiqar,800.178132632
36,ASQUITH Andy,775.548333763
36,O'FEE Marty,709.980212947
36,LOCKWOOD Latham,682.585333223
36,BUTLER Mel,0
36,BYRNES Nick,0
36,DIANU Iulian,0
36,KIKHOUNGA-N'GOT P. Hussein,0
36,LANE David,0
36,MCCANN Duncan,0
36,RAHIM Atif,0
36,TE PAPA Nola,0
36,WILSON Nathan,0
37,HAPETA Leonie,1112.982050045
37,BATY Susan,1112.424748088
37,NAYLOR Karen,1112.381883877
37,RUTHERFORD Aleisha,1112.320891417
37,BOWEN Rachel,1112.259046719
37,DENNISON Vaughan,1112.229507464
37,HANDCOCK Patrick (Pat),1111.966436506
37,FINDLAY Lew,1111.56843571
37,UTIKERE Tangi,1111.103706815
37,BARRETT Brent,1110.859244349
37,JOHNSON Lorna,1029.426965813
37,PETRENAS Bruno,893.430632548
37,MEEHAN Billy,888.189404939
37,DINGWALL Renee,844.44869142
37,BUTT Zulfiqar,801.437291527
37,ASQUITH Andy,776.889668828
37,O'FEE Marty,711.655083301
37,LOCKWOOD Latham,684.762507156
37,BUTLER Mel,0
37,BYRNES Nick,0
37,DIANU Iulian,0
37,KIKHOUNGA-N'GOT P. Hussein,0
37,LANE David,0
37,MCCANN Duncan,0
37,RAHIM Atif,0
37,TE PAPA Nola,0
37,WILSON Nathan,0
38,RUTHERFORD Aleisha,1192.575855195
38,BOWEN Rachel,1164.036305587
38,NAYLOR Karen,1161.736376569
38,HAPETA Leonie,1156.041986722
38,HANDCOCK Patrick (Pat),1155.410163969
38,DENNISON Vaughan,1147.487875766
38,BATY Susan,1141.806201092
38,BARRETT Brent,1138.030761579
38,UTIKERE Tangi,1130.408241716
38,FINDLAY Lew,1130.140558831
38,JOHNSON Lorna,1054.655999754
38,MEEHAN Billy,928.255588936
38,PETRENAS Bruno,923.589542313
38,DINGWALL Renee,878.519784837
38,BUTT Zulfiqar,815.779084046
38,ASQUITH Andy,795.697836374
38,O'FEE Marty,766.850343271
38,BUTLER Mel,0
38,BYRNES Nick,0
38,DIANU Iulian,0
38,KIKHOUNGA-N'GOT P. Hussein,0
38,LANE David,0
38,LOCKWOOD Latham,0
38,MCCANN Duncan,0
38,RAHIM Atif,0
38,TE PAPA Nola,0
38,WILSON Nathan,0
39,HAPETA Leonie,1142.086556675
39,BATY Susan,1136.744744365
39,NAYLOR Karen,1136.295329712
39,BOWEN Rachel,1135.560807786
39,DENNISON Vaughan,1134.559943254
39,RUTHERFORD Aleisha,1134.204354221
39,HANDCOCK Patrick (Pat),1130.369457545
39,FINDLAY Lew,1126.961142863
39,UTIKERE Tangi,1123.464951433
39,BARRETT Brent,1120.307333863
39,JOHNSON Lorna,1082.12060593
39,MEEHAN Billy,960.054326022
39,PETRENAS Bruno,951.796987321
39,DINGWALL Renee,901.097164776
39,BUTT Zulfiqar,830.920594365
39,ASQUITH Andy,811.317209035
39,O'FEE Marty,788.691594938
39,BUTLER Mel,0
39,BYRNES Nick,0
39,DIANU Iulian,0
39,KIKHOUNGA-N'GOT P. Hussein,0
39,LANE David,0
39,LOCKWOOD Latham,0
39,MCCANN Duncan,0
39,RAHIM Atif,0
39,TE PAPA Nola,0
39,WILSON Nathan,0
40,HAPETA Leonie,1126.0761041170001
40,BATY Susan,1122.363486734
40,NAYLOR Karen,1122.226629173
40,RUTHERFORD Aleisha,1122.013061294
40,DENNISON Vaughan,1121.468783879
40,BOWEN Rachel,1121.109907191
40,HANDCOCK Patrick (Pat),1119.794797968
40,FINDLAY Lew,1116.530580238
40,UTIKERE Tangi,1113.497417446
40,BARRETT Brent,1111.99784973
40,JOHNSON Lorna,1099.213340631
40,MEEHAN Billy,980.65306954
40,PETRENAS Bruno,970.215621145
40,DINGWALL Renee,914.032921457
40,BUTT Zulfiqar,840.183355562
40,ASQUITH Andy,821.205306094
40,O'FEE Marty,802.428013163
40,BUTLER Mel,0
40,BYRNES Nick,0
40,DIANU Iulian,0
40,KIKHOUNGA-N'GOT P. Hussein,0
40,LANE David,0
40,LOCKWOOD Latham,0
40,MCCANN Duncan,0
40,RAHIM Atif,0
40,TE PAPA Nola,0
40,WILSON Nathan,0
41,HAPETA Leonie,1115.861327008
41,BATY Susan,1113.511236103
41,NAYLOR Karen,1113.45518684
41,RUTHERFORD Aleisha,1113.213845753
41,DENNISON Vaughan,1112.970470871
41,BOWEN Rachel,1112.813780563
41,HANDCOCK Patrick (Pat),1111.977381768
41,FINDLAY Lew,1109.989624365
41,JOHNSON Lorna,1109.952341444
41,UTIKERE Tangi,1108.164115273
41,BARRETT Brent,1107.18876588
41,MEEHAN Billy,993.691388826
41,PETRENAS Bruno,981.908009217
41,DINGWALL Renee,922.020410962
41,BUTT Zulfiqar,845.966862652
41,ASQUITH Andy,827.403590037
41,O'FEE Marty,811.193434836
41,BUTLER Mel,0
41,BYRNES Nick,0
41,DIANU Iulian,0
41,KIKHOUNGA-N'GOT P. Hussein,0
41,LANE David,0
41,LOCKWOOD Latham,0
41,MCCANN Duncan,0
41,RAHIM Atif,0
41,TE PAPA Nola,0
41,WILSON Nathan,0
42,HAPETA Leonie,1109.906150898
42,BATY Susan,1108.63218189
42,RUTHERFORD Aleisha,1108.522785519
42,NAYLOR Karen,1108.346193931
42,DENNISON Vaughan,1108.03119747
42,BOWEN Rachel,1107.961499358
42,HANDCOCK Patrick (Pat),1107.360937727
42,JOHNSON Lorna,1107.334600898
42,FINDLAY Lew,1106.186232055
42,UTIKERE Tangi,1105.105232175
42,BARRETT Brent,1104.713788653
42,MEEHAN Billy,1002.228435814
42,PETRENAS Bruno,989.517848144
42,DINGWALL Renee,927.710136884
42,BUTT Zulfiqar,852.162707767
42,ASQUITH Andy,831.582317793
42,O'FEE Marty,816.849555032
42,BUTLER Mel,0
42,BYRNES Nick,0
42,DIANU Iulian,0
42,KIKHOUNGA-N'GOT P. Hussein,0
42,LANE David,0
42,LOCKWOOD Latham,0
42,MCCANN Duncan,0
42,RAHIM Atif,0
42,TE PAPA Nola,0
42,WILSON Nathan,0
43,HAPETA Leonie,1106.173036977
43,BATY Susan,1105.366437564
43,RUTHERFORD Aleisha,1105.295226888
43,NAYLOR Karen,1105.147574943
43,DENNISON Vaughan,1104.956949896
43,BOWEN Rachel,1104.934333919
43,HANDCOCK Patrick (Pat),1104.509791559
43,JOHNSON Lorna,1104.489136981
43,FINDLAY Lew,1103.740257979
43,UTIKERE Tangi,1103.051632147
43,BARRETT Brent,1102.818369445
43,MEEHAN Billy,1007.877146987
43,PETRENAS Bruno,994.558990544
43,DINGWALL Renee,931.625385942
43,BUTT Zulfiqar,856.57278472
43,ASQUITH Andy,834.374489756
43,O'FEE Marty,820.577363681
43,BUTLER Mel,0
43,BYRNES Nick,0
43,DIANU Iulian,0
43,KIKHOUNGA-N'GOT P. Hussein,0
43,LANE David,0
43,LOCKWOOD Latham,0
43,MCCANN Duncan,0
43,RAHIM Atif,0
43,TE PAPA Nola,0
43,WILSON Nathan,0
44,HAPETA Leonie,1103.725614214
44,BATY Susan,1103.195972167
44,RUTHERFORD Aleisha,1103.151104199
44,NAYLOR Karen,1103.051138416
44,DENNISON Vaughan,1102.929505305
44,BOWEN Rachel,1102.91179553
44,HANDCOCK Patrick (Pat),1102.636569508
44,JOHNSON Lorna,1102.626320943
44,FINDLAY Lew,1102.126688027
44,UTIKERE Tangi,1101.674720836
44,BARRETT Brent,1101.522557207
44,MEEHAN Billy,1011.61343672
44,PETRENAS Bruno,997.895211359
44,DINGWALL Renee,934.225413806
44,BUTT Zulfiqar,859.486073566
44,ASQUITH Andy,836.220355318
44,O'FEE Marty,823.044217427
44,BUTLER Mel,0
44,BYRNES Nick,0
44,DIANU Iulian,0
44,KIKHOUNGA-N'GOT P. Hussein,0
44,LANE David,0
44,LOCKWOOD Latham,0
44,MCCANN Duncan,0
44,RAHIM Atif,0
44,TE PAPA Nola,0
44,WILSON Nathan,0
45,HAPETA Leonie,1102.112646292
45,BATY Susan,1101.764864438
45,RUTHERFORD Aleisha,1101.735970513
45,NAYLOR Karen,1101.668887018
45,DENNISON Vaughan,1101.590114517
45,BOWEN Rachel,1101.577581735
45,HANDCOCK Patrick (Pat),1101.398672655
45,JOHNSON Lorna,1101.391722015
45,FINDLAY Lew,1101.062320267
45,UTIKERE Tangi,1100.765457722
45,BARRETT Brent,1100.666224984
45,MEEHAN Billy,1014.079477226
45,PETRENAS Bruno,1000.097780547
45,DINGWALL Renee,935.941392082
45,BUTT Zulfiqar,861.408271729
45,ASQUITH Andy,837.437598151
45,O'FEE Marty,824.673070891
45,BUTLER Mel,0
45,BYRNES Nick,0
45,DIANU Iulian,0
45,KIKHOUNGA-N'GOT P. Hussein,0
45,LANE David,0
45,LOCKWOOD Latham,0
45,MCCANN Duncan,0
45,RAHIM Atif,0
45,TE PAPA Nola,0
45,WILSON Nathan,0
46,HAPETA Leonie,1101.050705824
46,BATY Susan,1100.822366389
46,RUTHERFORD Aleisha,1100.803601109
46,NAYLOR Karen,1100.758990293
46,DENNISON Vaughan,1100.707804984
46,BOWEN Rachel,1100.699159438
46,HANDCOCK Patrick (Pat),1100.582483028
46,JOHNSON Lorna,1100.577889175
46,FINDLAY Lew,1100.360921163
46,UTIKERE Tangi,1100.165994427
46,BARRETT Brent,1100.101085721
46,MEEHAN Billy,1015.704023558
46,PETRENAS Bruno,1001.549074318
46,DINGWALL Renee,937.071801476
46,BUTT Zulfiqar,862.673903639
46,ASQUITH Andy,838.239025432
46,O'FEE Marty,825.746417409
46,BUTLER Mel,0
46,BYRNES Nick,0
46,DIANU Iulian,0
46,KIKHOUNGA-N'GOT P. Hussein,0
46,LANE David,0
46,LOCKWOOD Latham,0
46,MCCANN Duncan,0
46,RAHIM Atif,0
46,TE PAPA Nola,0
46,WILSON Nathan,0
47,HAPETA Leonie,1100.3522920570001
47,BATY Susan,1100.2023856
47,RUTHERFORD Aleisha,1100.19016182
47,NAYLOR Karen,1100.160625903
47,DENNISON Vaughan,1100.127246169
47,BOWEN Rachel,1100.121388144
47,HANDCOCK Patrick (Pat),1100.04513462
47,JOHNSON Lorna,1100.042098584
47,FINDLAY Lew,1099.899373157
47,UTIKERE Tangi,1099.77139076
47,BARRETT Brent,1099.728890619
47,MEEHAN Billy,1016.7728924850001
47,PETRENAS Bruno,1002.504084148
47,DINGWALL Renee,937.815531103
47,BUTT Zulfiqar,863.506363339
47,ASQUITH Andy,838.766125597
47,O'FEE Marty,826.452759443
47,BUTLER Mel,0
47,BYRNES Nick,0
47,DIANU Iulian,0
47,KIKHOUNGA-N'GOT P. Hussein,0
47,LANE David,0
47,LOCKWOOD Latham,0
47,MCCANN Duncan,0
47,RAHIM Atif,0
47,TE PAPA Nola,0
47,WILSON Nathan,0
48,HAPETA Leonie,1202.410701238
48,HANDCOCK Patrick (Pat),1194.210609056
48,NAYLOR Karen,1162.229256577
48,BOWEN Rachel,1150.006742835
48,RUTHERFORD Aleisha,1148.457575603
48,BATY Susan,1141.584917031
48,DENNISON Vaughan,1137.271560326
48,FINDLAY Lew,1126.236018246
48,BARRETT Brent,1124.767894772
48,UTIKERE Tangi,1123.395643456
48,JOHNSON Lorna,1114.856064616
48,MEEHAN Billy,1093.215363813
48,PETRENAS Bruno,1075.274948561
48,DINGWALL Renee,948.01416174
48,BUTT Zulfiqar,873.681573119
48,ASQUITH Andy,871.040420215
48,BUTLER Mel,0
48,BYRNES Nick,0
48,DIANU Iulian,0
48,KIKHOUNGA-N'GOT P. Hussein,0
48,LANE David,0
48,LOCKWOOD Latham,0
48,MCCANN Duncan,0
48,O'FEE Marty,0
48,RAHIM Atif,0
48,TE PAPA Nola,0
48,WILSON Nathan,0
49,MEEHAN Billy,1141.997091276
49,HAPETA Leonie,1137.819132835
49,BATY Susan,1134.196090125
49,RUTHERFORD Aleisha,1133.569225402
49,DENNISON Vaughan,1131.120931474
49,NAYLOR Karen,1131.106431744
49,BOWEN Rachel,1129.066000094
49,JOHNSON Lorna,1126.440257906
49,HANDCOCK Patrick (Pat),1124.776918033
49,PETRENAS Bruno,1122.099368631
49,FINDLAY Lew,1121.340153761
49,UTIKERE Tangi,1115.463089789
49,BARRETT Brent,1112.050328182
49,DINGWALL Renee,974.931666194
49,BUTT Zulfiqar,898.846630025
49,ASQUITH Andy,893.647138468
49,BUTLER Mel,0
49,BYRNES Nick,0
49,DIANU Iulian,0
49,KIKHOUNGA-N'GOT P. Hussein,0
49,LANE David,0
49,LOCKWOOD Latham,0
49,MCCANN Duncan,0
49,O'FEE Marty,0
49,RAHIM Atif,0
49,TE PAPA Nola,0
49,WILSON Nathan,0
50,HAPETA Leonie,1127.347275019
50,MEEHAN Billy,1125.18760365
50,PETRENAS Bruno,1123.95718318
50,RUTHERFORD Aleisha,1122.162511957
50,BATY Susan,1121.276981269
50,NAYLOR Karen,1120.464168801
50,DENNISON Vaughan,1120.177870387
50,HANDCOCK Patrick (Pat),1118.835021033
50,BOWEN Rachel,1118.407236999
50,JOHNSON Lorna,1115.704929909
50,FINDLAY Lew,1113.043333262
50,UTIKERE Tangi,1108.176385304
50,BARRETT Brent,1105.681994694
50,DINGWALL Renee,998.233584176
50,BUTT Zulfiqar,924.70422348500006
50,ASQUITH Andy,913.085595067
50,BUTLER Mel,0
50,BYRNES Nick,0
50,DIANU Iulian,0
50,KIKHOUNGA-N'GOT P. Hussein,0
50,LANE David,0
50,LOCKWOOD Latham,0
50,MCCANN Duncan,0
50,O'FEE Marty,0
50,RAHIM Atif,0
50,TE PAPA Nola,0
50,WILSON Nathan,0
51,HAPETA Leonie,1118.046898648
51,MEEHAN Billy,1116.767567082
51,PETRENAS Bruno,1114.477575777
51,RUTHERFORD Aleisha,1113.576639978
51,BATY Susan,1113.137355704
51,DENNISON Vaughan,1111.950402262
51,NAYLOR Karen,1111.927277817
51,HANDCOCK Patrick (Pat),1111.189944758
51,BOWEN Rachel,1110.124253187
51,JOHNSON Lorna,1108.223515865
51,FINDLAY Lew,1105.930864181
51,UTIKERE Tangi,1101.89277868
51,BARRETT Brent,1099.676346283
51,DINGWALL Renee,1017.970106951
51,BUTT Zulfiqar,946.300726272
51,ASQUITH Andy,929.960034308
51,BUTLER Mel,0
51,BYRNES Nick,0
51,DIANU Iulian,0
51,KIKHOUNGA-N'GOT P. Hussein,0
51,LANE David,0
51,LOCKWOOD Latham,0
51,MCCANN Duncan,0
51,O'FEE Marty,0
51,RAHIM Atif,0
51,TE PAPA Nola,0
51,WILSON Nathan,0
52,HAPETA Leonie,1109.81897773
52,MEEHAN Billy,1108.728449519
52,PETRENAS Bruno,1107.118753395
52,RUTHERFORD Aleisha,1106.223912465
52,BATY Susan,1105.794651625
52,DENNISON Vaughan,1104.871995214
52,NAYLOR Karen,1104.741508465
52,HANDCOCK Patrick (Pat),1104.279054198
52,BOWEN Rachel,1103.323305575
52,JOHNSON Lorna,1101.829049391
52,FINDLAY Lew,1099.803817103
52,UTIKERE Tangi,1096.480417225
52,BARRETT Brent,1094.671097042
52,DINGWALL Renee,1034.81158882
52,BUTT Zulfiqar,964.713704392
52,ASQUITH Andy,944.39964709
52,BUTLER Mel,0
52,BYRNES Nick,0
52,DIANU Iulian,0
52,KIKHOUNGA-N'GOT P. Hussein,0
52,LANE David,0
52,LOCKWOOD Latham,0
52,MCCANN Duncan,0
52,O'FEE Marty,0
52,RAHIM Atif,0
52,TE PAPA Nola,0
52,WILSON Nathan,0
53,HAPETA Leonie,1102.835945857
53,MEEHAN Billy,1101.960473167
53,PETRENAS Bruno,1100.695242899
53,RUTHERFORD Aleisha,1099.941243633
53,BATY Susan,1099.558652326
53,DENNISON Vaughan,1098.800920364
53,NAYLOR Karen,1098.611809622
53,HANDCOCK Patrick (Pat),1098.361044308
53,BOWEN Rachel,1097.479760496
53,JOHNSON Lorna,1096.322672189
53,FINDLAY Lew,1094.54442251
53,UTIKERE Tangi,1091.820618139
53,BARRETT Brent,1090.342991126
53,DINGWALL Renee,1049.147176497
53,BUTT Zulfiqar,980.354113557
53,ASQUITH Andy,956.692764987
53,BUTLER Mel,0
53,BYRNES Nick,0
53,DIANU Iulian,0
53,KIKHOUNGA-N'GOT P. Hussein,0
53,LANE David,0
53,LOCKWOOD Latham,0
53,MCCANN Duncan,0
53,O'FEE Marty,0
53,RAHIM Atif,0
53,TE PAPA Nola,0
53,WILSON Nathan,0
54,HAPETA Leonie,1096.927721742
54,MEEHAN Billy,1096.218758893
54,PETRENAS Bruno,1095.232772065
54,RUTHERFORD Aleisha,1094.590249779
54,BATY Susan,1094.252366784
54,DENNISON Vaughan,1093.632973758
54,NAYLOR Karen,1093.421511069
54,HANDCOCK Patrick (Pat),1093.299730768
54,BOWEN Rachel,1092.518088495
54,JOHNSON Lorna,1091.613478698
54,FINDLAY Lew,1090.071241576
54,UTIKERE Tangi,1087.837874818
54,BARRETT Brent,1086.630411669
54,DINGWALL Renee,1061.28671892
54,BUTT Zulfiqar,993.575547283
54,ASQUITH Andy,967.102960969
54,BUTLER Mel,0
54,BYRNES Nick,0
54,DIANU Iulian,0
54,KIKHOUNGA-N'GOT P. Hussein,0
54,LANE David,0
54,LOCKWOOD Latham,0
54,MCCANN Duncan,0
54,O'FEE Marty,0
54,RAHIM Atif,0
54,TE PAPA Nola,0
54,WILSON Nathan,0
55,HAPETA Leonie,1091.951347823
55,MEEHAN Billy,1091.377446987
55,PETRENAS Bruno,1090.602048662
55,RUTHERFORD Aleisha,1090.05937202
55,BATY Susan,1089.765244236
55,DENNISON Vaughan,1089.257446936
55,NAYLOR Karen,1089.04515994
55,HANDCOCK Patrick (Pat),1089.003312725
55,BOWEN Rachel,1088.321185355
55,JOHNSON Lorna,1087.609999999
55,FINDLAY Lew,1086.285380424
55,UTIKERE Tangi,1084.453598784
55,BARRETT Brent,1083.46604909
55,DINGWALL Renee,1071.520695442
55,BUTT Zulfiqar,1004.705316961
55,ASQUITH Andy,975.879375435
55,BUTLER Mel,0
55,BYRNES Nick,0
55,DIANU Iulian,0
55,KIKHOUNGA-N'GOT P. Hussein,0
55,LANE David,0
55,LOCKWOOD Latham,0
55,MCCANN Duncan,0
55,O'FEE Marty,0
55,RAHIM Atif,0
55,TE PAPA Nola,0
55,WILSON Nathan,0
56,HAPETA Leonie,1087.775097321
56,MEEHAN Billy,1087.309812865
56,PETRENAS Bruno,1086.696368362
56,RUTHERFORD Aleisha,1086.24002635
56,BATY Susan,1085.986672446
56,DENNISON Vaughan,1085.569865462
56,HANDCOCK Patrick (Pat),1085.374376046
56,NAYLOR Karen,1085.368989509
56,BOWEN Rachel,1084.786886575
56,JOHNSON Lorna,1084.224450641
56,FINDLAY Lew,1083.09558334
56,UTIKERE Tangi,1081.592506173
56,BARRETT Brent,1080.784099584
56,DINGWALL Renee,1080.115442102
56,BUTT Zulfiqar,1014.040943824
56,ASQUITH Andy,983.250384778
56,BUTLER Mel,0
56,BYRNES Nick,0
56,DIANU Iulian,0
56,KIKHOUNGA-N'GOT P. Hussein,0
56,LANE David,0
56,LOCKWOOD Latham,0
56,MCCANN Duncan,0
56,O'FEE Marty,0
56,RAHIM Atif,0
56,TE PAPA Nola,0
56,WILSON Nathan,0
57,HAPETA Leonie,1084.491342726
57,MEEHAN Billy,1084.159915084
57,PETRENAS Bruno,1083.494813798
57,RUTHERFORD Aleisha,1083.486558186
57,BATY Susan,1083.009305654
57,DENNISON Vaughan,1082.674074593
57,NAYLOR Karen,1082.511324916
57,HANDCOCK Patrick (Pat),1082.497256979
57,JOHNSON Lorna,1082.302937183
57,BOWEN Rachel,1082.09580243
57,DINGWALL Renee,1081.0416992
57,FINDLAY Lew,1080.549733807
57,UTIKERE Tangi,1079.431735236
57,BARRETT Brent,1079.372542642
57,BUTT Zulfiqar,1022.816676361
57,ASQUITH Andy,989.626403928
57,BUTLER Mel,0
57,BYRNES Nick,0
57,DIANU Iulian,0
57,KIKHOUNGA-N'GOT P. Hussein,0
57,LANE David,0
57,LOCKWOOD Latham,0
57,MCCANN Duncan,0
57,O'FEE Marty,0
57,RAHIM Atif,0
57,TE PAPA Nola,0
57,WILSON Nathan,0
58,HAPETA Leonie,1081.88713746
58,MEEHAN Billy,1081.631184317
58,RUTHERFORD Aleisha,1081.196454215
58,PETRENAS Bruno,1081.01120497
58,BATY Susan,1080.669230324
58,JOHNSON Lorna,1080.412160249
58,DENNISON Vaughan,1080.354436485
58,NAYLOR Karen,1080.211135545
58,HANDCOCK Patrick (Pat),1080.176630234
58,BOWEN Rachel,1079.922579587
58,DINGWALL Renee,1079.087979726
58,FINDLAY Lew,1078.491331157
58,BARRETT Brent,1077.852061074
58,UTIKERE Tangi,1077.615115834
58,BUTT Zulfiqar,1031.100833675
58,ASQUITH Andy,995.279193131
58,BUTLER Mel,0
58,BYRNES Nick,0
58,DIANU Iulian,0
58,KIKHOUNGA-N'GOT P. Hussein,0
58,LANE David,0
58,LOCKWOOD Latham,0
58,MCCANN Duncan,0
58,O'FEE Marty,0
58,RAHIM Atif,0
58,TE PAPA Nola,0
58,WILSON Nathan,0
59,HAPETA Leonie,1079.681828518
59,MEEHAN Billy,1079.462140447
59,RUTHERFORD Aleisha,1079.112053423
59,PETRENAS Bruno,1078.935519316
59,BATY Susan,1078.645940741
59,JOHNSON Lorna,1078.440390423
59,DENNISON Vaughan,1078.359542199
59,NAYLOR Karen,1078.224443585
59,HANDCOCK Patrick (Pat),1078.199985119
59,BOWEN Rachel,1077.995300977
59,DINGWALL Renee,1077.35507161
59,FINDLAY Lew,1076.722735128
59,BARRETT Brent,1076.19349471
59,UTIKERE Tangi,1075.973761584
59,BUTT Zulfiqar,1038.532803324
59,ASQUITH Andy,1000.283427681
59,BUTLER Mel,0
59,BYRNES Nick,0
59,DIANU Iulian,0
59,KIKHOUNGA-N'GOT P. Hussein,0
59,LANE David,0
59,LOCKWOOD Latham,0
59,MCCANN Duncan,0
59,O'FEE Marty,0
59,RAHIM Atif,0
59,TE PAPA Nola,0
59,WILSON Nathan,0
60,HAPETA Leonie,1077.753334082
60,MEEHAN Billy,1077.564547037
60,RUTHERFORD Aleisha,1077.268251617
60,PETRENAS Bruno,1077.109849854
60,BATY Susan,1076.853725631
60,JOHNSON Lorna,1076.692416158
60,DENNISON Vaughan,1076.603921258
60,NAYLOR Karen,1076.479457376
60,HANDCOCK Patrick (Pat),1076.468991917
60,BOWEN Rachel,1076.285873595
60,DINGWALL Renee,1075.727442683
60,FINDLAY Lew,1075.168036344
60,BARRETT Brent,1074.721308102
60,UTIKERE Tangi,1074.519509559
60,BUTT Zulfiqar,1045.107243447
60,ASQUITH Andy,1004.698834492
60,BUTLER Mel,0
60,BYRNES Nick,0
60,DIANU Iulian,0
60,KIKHOUNGA-N'GOT P. Hussein,0
60,LANE David,0
60,LOCKWOOD Latham,0
60,MCCANN Duncan,0
60,O'FEE Marty,0
60,RAHIM Atif,0
60,TE PAPA Nola,0
60,WILSON Nathan,0
61,HAPETA Leonie,1076.056009702
61,MEEHAN Billy,1075.8932066
61,RUTHERFORD Aleisha,1075.638784547
61,PETRENAS Bruno,1075.502508357
61,BATY Susan,1075.274554816
61,JOHNSON Lorna,1075.137832858
61,DENNISON Vaughan,1075.055693561
61,NAYLOR Karen,1074.941969903
61,HANDCOCK Patrick (Pat),1074.941573955
61,BOWEN Rachel,1074.777117753
61,DINGWALL Renee,1074.29125199
61,FINDLAY Lew,1073.797384249
61,BARRETT Brent,1073.409724207
61,UTIKERE Tangi,1073.233523649
61,BUTT Zulfiqar,1050.903124429
61,ASQUITH Andy,1008.589387035
61,BUTLER Mel,0
61,BYRNES Nick,0
61,DIANU Iulian,0
61,KIKHOUNGA-N'GOT P. Hussein,0
61,LANE David,0
61,LOCKWOOD Latham,0
61,MCCANN Duncan,0
61,O'FEE Marty,0
61,RAHIM Atif,0
61,TE PAPA Nola,0
61,WILSON Nathan,0
62,HAPETA Leonie,1074.562444102
62,MEEHAN Billy,1074.421859205
62,RUTHERFORD Aleisha,1074.20257494
62,PETRENAS Bruno,1074.085318005
62,BATY Susan,1073.882686786
62,JOHNSON Lorna,1073.766733255
62,DENNISON Vaughan,1073.691448305
62,HANDCOCK Patrick (Pat),1073.594907152
62,NAYLOR Karen,1073.588303669
62,BOWEN Rachel,1073.447233447
62,DINGWALL Renee,1073.022071261
62,FINDLAY Lew,1072.589441563
62,BARRETT Brent,1072.252728748
62,UTIKERE Tangi,1072.098815712
62,BUTT Zulfiqar,1056.00338213
62,ASQUITH Andy,1012.012837682
62,BUTLER Mel,0
62,BYRNES Nick,0
62,DIANU Iulian,0
62,KIKHOUNGA-N'GOT P. Hussein,0
62,LANE David,0
62,LOCKWOOD Latham,0
62,MCCANN Duncan,0
62,O'FEE Marty,0
62,RAHIM Atif,0
62,TE PAPA Nola,0
62,WILSON Nathan,0
63,HAPETA Leonie,1073.249224376
63,MEEHAN Billy,1073.127711287
63,RUTHERFORD Aleisha,1072.938354953
63,PETRENAS Bruno,1072.837503339
63,BATY Susan,1072.657787933
63,JOHNSON Lorna,1072.558839579
63,DENNISON Vaughan,1072.4906808
63,HANDCOCK Patrick (Pat),1072.408770324
63,NAYLOR Karen,1072.397703912
63,BOWEN Rachel,1072.276727445
63,DINGWALL Renee,1071.904929286
63,FINDLAY Lew,1071.526119896
63,BARRETT Brent,1071.233232272
63,UTIKERE Tangi,1071.099065935
63,BUTT Zulfiqar,1060.486095025
63,ASQUITH Andy,1015.021885738
63,BUTLER Mel,0
63,BYRNES Nick,0
63,DIANU Iulian,0
63,KIKHOUNGA-N'GOT P. Hussein,0
63,LANE David,0
63,LOCKWOOD Latham,0
63,MCCANN Duncan,0
63,O'FEE Marty,0
63,RAHIM Atif,0
63,TE PAPA Nola,0
63,WILSON Nathan,0
64,HAPETA Leonie,1072.095728129
64,MEEHAN Billy,1071.990610408
64,RUTHERFORD Aleisha,1071.826889899
64,PETRENAS Bruno,1071.740024829
64,BATY Susan,1071.580988258
64,JOHNSON Lorna,1071.496373452
64,DENNISON Vaughan,1071.435014852
64,HANDCOCK Patrick (Pat),1071.365334111
64,NAYLOR Karen,1071.351625956
64,BOWEN Rachel,1071.247686231
64,DINGWALL Renee,1070.922608689
64,FINDLAY Lew,1070.591170907
64,BARRETT Brent,1070.33635122
64,UTIKERE Tangi,1070.219379254
64,BUTT Zulfiqar,1064.422061523
64,ASQUITH Andy,1017.664063471
64,BUTLER Mel,0
64,BYRNES Nick,0
64,DIANU Iulian,0
64,KIKHOUNGA-N'GOT P. Hussein,0
64,LANE David,0
64,LOCKWOOD Latham,0
64,MCCANN Duncan,0
64,O'FEE Marty,0
64,RAHIM Atif,0
64,TE PAPA Nola,0
64,WILSON Nathan,0
65,HAPETA Leonie,1071.083441994
65,MEEHAN Billy,1070.992433562
65,RUTHERFORD Aleisha,1070.850731658
65,PETRENAS Bruno,1070.775816477
65,BATY Susan,1070.635356908
65,JOHNSON Lorna,1070.562836816
65,DENNISON Vaughan,1070.507867567
65,HANDCOCK Patrick (Pat),1070.448435604
65,NAYLOR Karen,1070.433392573
65,BOWEN Rachel,1070.343946532
65,DINGWALL Renee,1070.059826606
65,FINDLAY Lew,1069.76994673
65,BARRETT Brent,1069.548192556
65,UTIKERE Tangi,1069.446211534
65,BUTT Zulfiqar,1067.874962344
65,ASQUITH Andy,1019.982079449
65,BUTLER Mel,0
65,BYRNES Nick,0
65,DIANU Iulian,0
65,KIKHOUNGA-N'GOT P. Hussein,0
65,LANE David,0
65,LOCKWOOD Latham,0
65,MCCANN Duncan,0
65,O'FEE Marty,0
65,RAHIM Atif,0
65,TE PAPA Nola,0
65,WILSON Nathan,0
